<?xml version="1.0" encoding="UTF-8"?>
<metadata>
  <groupId>com.fasterxml.jackson.core</groupId>
  <artifactId>jackson-databind</artifactId>
  <versioning>
    <latest>2.11.0</latest>
    <release>2.11.0</release>
    <versions>
      <version>2.0.0-RC1</version>
      <version>2.0.0-RC2</version>
      <version>2.0.0-RC3</version>
      <version>2.0.0</version>
      <version>2.0.1</version>
      <version>2.0.2</version>
      <version>2.0.4</version>
      <version>2.0.5</version>
      <version>2.0.6</version>
      <version>2.1.0</version>
      <version>2.1.1</version>
      <version>2.1.2</version>
      <version>2.1.3</version>
      <version>2.1.4</version>
      <version>2.1.5</version>
      <version>2.2.0-rc1</version>
      <version>2.2.0</version>
      <version>2.2.1</version>
      <version>2.2.2</version>
      <version>2.2.3</version>
      <version>2.2.4</version>
      <version>2.3.0-rc1</version>
      <version>2.3.0</version>
      <version>2.3.1</version>
      <version>2.3.2</version>
      <version>2.3.3</version>
      <version>2.3.4</version>
      <version>2.3.5</version>
      <version>2.4.0-rc1</version>
      <version>2.4.0-rc2</version>
      <version>2.4.0-rc3</version>
      <version>2.4.0</version>
      <version>2.4.1</version>
      <version>2.4.1.1</version>
      <version>2.4.1.2</version>
      <version>2.4.1.3</version>
      <version>2.4.2</version>
      <version>2.4.3</version>
      <version>2.4.4</version>
      <version>2.4.5</version>
      <version>2.4.5.1</version>
      <version>2.4.6</version>
      <version>2.5.0-rc1</version>
      <version>2.5.0</version>
      <version>2.5.1</version>
      <version>2.5.2</version>
      <version>2.5.3</version>
      <version>2.5.5</version>
      <version>2.6.0-rc1</version>
      <version>2.6.0-rc2</version>
      <version>2.6.0-rc3</version>
      <version>2.6.0-rc4</version>
      <version>2.6.0</version>
      <version>2.6.1</version>
      <version>2.6.2</version>
      <version>2.6.3</version>
      <version>2.6.4</version>
      <version>2.6.5</version>
      <version>2.6.6</version>
      <version>2.6.7</version>
      <version>2.6.7.1</version>
      <version>2.6.7.2</version>
      <version>2.6.7.3</version>
      <version>2.7.0-rc1</version>
      <version>2.7.0-rc2</version>
      <version>2.7.0-rc3</version>
      <version>2.7.0</version>
      <version>2.7.1</version>
      <version>2.7.1-1</version>
      <version>2.7.2</version>
      <version>2.7.3</version>
      <version>2.7.4</version>
      <version>2.7.5</version>
      <version>2.7.6</version>
      <version>2.7.7</version>
      <version>2.7.8</version>
      <version>2.7.9</version>
      <version>2.7.9.1</version>
      <version>2.7.9.2</version>
      <version>2.7.9.3</version>
      <version>2.7.9.4</version>
      <version>2.7.9.5</version>
      <version>2.7.9.6</version>
      <version>2.7.9.7</version>
      <version>2.8.0.rc1</version>
      <version>2.8.0.rc2</version>
      <version>2.8.0</version>
      <version>2.8.1</version>
      <version>2.8.2</version>
      <version>2.8.3</version>
      <version>2.8.4</version>
      <version>2.8.5</version>
      <version>2.8.6</version>
      <version>2.8.7</version>
      <version>2.8.8</version>
      <version>2.8.8.1</version>
      <version>2.8.9</version>
      <version>2.8.10</version>
      <version>2.8.11</version>
      <version>2.8.11.1</version>
      <version>2.8.11.2</version>
      <version>2.8.11.3</version>
      <version>2.8.11.4</version>
      <version>2.8.11.5</version>
      <version>2.8.11.6</version>
      <version>2.9.0</version>
      <version>2.9.0.pr1</version>
      <version>2.9.0.pr2</version>
      <version>2.9.0.pr3</version>
      <version>2.9.0.pr4</version>
      <version>2.9.1</version>
      <version>2.9.2</version>
      <version>2.9.3</version>
      <version>2.9.4</version>
      <version>2.9.5</version>
      <version>2.9.6</version>
      <version>2.9.7</version>
      <version>2.9.8</version>
      <version>2.9.9</version>
      <version>2.9.9.1</version>
      <version>2.9.9.2</version>
      <version>2.9.9.3</version>
      <version>2.9.10</version>
      <version>2.9.10.1</version>
      <version>2.9.10.2</version>
      <version>2.9.10.3</version>
      <version>2.9.10.4</version>
      <version>2.10.0</version>
      <version>2.10.0.pr1</version>
      <version>2.10.0.pr2</version>
      <version>2.10.0.pr3</version>
      <version>2.10.1</version>
      <version>2.10.2</version>
      <version>2.10.3</version>
      <version>2.10.4</version>
      <version>2.11.0.rc1</version>
      <version>2.11.0</version>
    </versions>
    <lastUpdated>20200502223833</lastUpdated>
  </versioning>
</metadata>
