<?xml version="1.0" encoding="UTF-8"?>
<metadata>
  <groupId>org.junit.jupiter</groupId>
  <artifactId>junit-jupiter-engine</artifactId>
  <versioning>
    <latest>5.7.0-M1</latest>
    <release>5.7.0-M1</release>
    <versions>
      <version>5.0.0-M1</version>
      <version>5.0.0-M2</version>
      <version>5.0.0-M3</version>
      <version>5.0.0-M4</version>
      <version>5.0.0-M5</version>
      <version>5.0.0-M6</version>
      <version>5.0.0-RC1</version>
      <version>5.0.0-RC2</version>
      <version>5.0.0-RC3</version>
      <version>5.0.0</version>
      <version>5.0.1</version>
      <version>5.0.2</version>
      <version>5.0.3</version>
      <version>5.1.0-M1</version>
      <version>5.1.0-M2</version>
      <version>5.1.0-RC1</version>
      <version>5.1.0</version>
      <version>5.1.1</version>
      <version>5.2.0-M1</version>
      <version>5.2.0-RC1</version>
      <version>5.2.0</version>
      <version>5.3.0-M1</version>
      <version>5.3.0-RC1</version>
      <version>5.3.0</version>
      <version>5.3.1</version>
      <version>5.3.2</version>
      <version>5.4.0-M1</version>
      <version>5.4.0-RC1</version>
      <version>5.4.0-RC2</version>
      <version>5.4.0</version>
      <version>5.4.1</version>
      <version>5.4.2</version>
      <version>5.5.0-M1</version>
      <version>5.5.0-RC1</version>
      <version>5.5.0-RC2</version>
      <version>5.5.0</version>
      <version>5.5.1</version>
      <version>5.5.2</version>
      <version>5.6.0-M1</version>
      <version>5.6.0-RC1</version>
      <version>5.6.0</version>
      <version>5.6.1</version>
      <version>5.6.2</version>
      <version>5.7.0-M1</version>
    </versions>
    <lastUpdated>20200419183346</lastUpdated>
  </versioning>
</metadata>
